,rank,x,y
0,7,-50.72846984863281,4.0234856605529785
0,7,-45.96269607543945,-4.903061866760254
0,7,-43.27626037597656,-10.451519966125488
0,7,-44.43397521972656,-8.010283470153809
0,7,-44.94268035888672,-7.284801483154297
0,7,-42.41812515258789,-12.374770164489746
0,7,-49.27589797973633,1.5725431442260742
0,7,-41.71856689453125,-13.990989685058594
0,7,-38.74662780761719,-21.77375602722168
0,7,-40.60787582397461,-16.674272537231445
0,7,-42.41064453125,-12.39156723022461
0,7,-49.5933837890625,2.202894449234009
0,7,-44.448814392089844,-7.803596496582031
0,7,-50.8957633972168,4.5476179122924805
0,7,-42.06319808959961,-13.18554973602295
0,7,-47.065773010253906,-2.725827217102051
0,7,-47.38734436035156,-2.0790181159973145
0,7,-38.62004852294922,-21.895069122314453
0,7,-49.52838134765625,2.0724310874938965
0,7,-49.85702133178711,2.713250160217285
0,7,-42.565025329589844,-12.041790962219238
0,7,-51.61874771118164,5.453131198883057
0,7,-39.32743835449219,-19.900667190551758
0,7,-44.447303771972656,-7.987131595611572
0,7,-37.55884552001953,-24.958887100219727
0,7,-49.41865921020508,1.8498543500900269
0,7,-50.145225524902344,3.1983001232147217
0,7,-47.3104248046875,-2.2520034313201904
0,7,-37.34358215332031,-25.64711570739746
0,7,-50.36905288696289,3.349161148071289
0,7,-43.303382873535156,-10.399916648864746
0,7,-40.40979766845703,-17.15336799621582
0,7,-41.370731353759766,-14.815505027770996
0,7,-46.59173583984375,-3.6611881256103516
0,7,-46.71430969238281,-3.420287847518921
0,7,-40.771690368652344,-16.281097412109375
0,7,-44.771209716796875,-7.576244354248047
0,7,-48.72602081298828,0.5006929039955139
0,7,-50.23283004760742,3.2403340339660645
0,7,-37.537254333496094,-25.02507781982422
0,7,-39.835697174072266,-18.602699279785156
0,7,-46.83053970336914,-3.1902055740356445
0,7,-37.98270797729492,-23.714862823486328
0,7,-41.12434387207031,-15.394218444824219
0,7,-50.44911575317383,4.077188014984131
0,7,-50.105712890625,3.3286802768707275
0,7,-50.36063766479492,3.9113852977752686
0,7,-40.4202880859375,-17.125160217285156
0,7,-43.08253479003906,-10.874951362609863
0,7,-45.21316146850586,-6.45262336730957
0,7,-49.21335220336914,1.4521626234054565
0,7,-41.83514404296875,-13.722729682922363
0,7,-45.498924255371094,-5.822372913360596
0,7,-41.58541488647461,-14.318801879882812
0,7,-42.9404182434082,-11.188837051391602
0,7,-44.473690032958984,-7.71187686920166
0,7,-39.588314056396484,-18.974225997924805
0,7,-46.25828552246094,-4.318418025970459
0,7,-37.68754959106445,-24.56785011291504
0,7,-40.44595718383789,-17.059301376342773
0,7,-38.543113708496094,-22.0504150390625
0,7,-47.45647430419922,-1.9512124061584473
0,7,-46.81036376953125,-3.2308411598205566
0,7,-41.8570442199707,-13.672670364379883
0,7,-39.91127395629883,-18.38187599182129
0,7,-39.23400115966797,-20.13909149169922
0,7,-41.11065673828125,-15.436948776245117
0,7,-44.1611442565918,-8.565126419067383
0,7,-48.902626037597656,0.8419822454452515
0,7,-38.59695816040039,-21.805604934692383
0,7,-51.614871978759766,5.448483467102051
0,7,-47.77149963378906,-1.3438135385513306
0,7,-41.98624801635742,-13.353174209594727
0,7,-37.82111358642578,-24.183979034423828
0,7,-45.83346939086914,-5.166757106781006
0,7,-39.317787170410156,-19.936458587646484
0,7,-44.014041900634766,-8.870551109313965
0,7,-39.72764205932617,-18.64042091369629
0,7,-39.84995651245117,-18.771223068237305
0,7,-41.41502380371094,-14.710450172424316
0,7,-37.34510803222656,-25.637361526489258
0,7,-49.1872444152832,1.4019289016723633
0,7,-38.97645568847656,-20.849937438964844
0,7,-45.159889221191406,-6.557581901550293
0,7,-38.78360366821289,-21.51043701171875
0,7,-44.976200103759766,-6.8595099449157715
0,7,-43.34012985229492,-10.31809139251709
0,7,-47.17988586425781,-2.489934206008911
0,7,-38.37153625488281,-22.533079147338867
0,7,-44.1865348815918,-8.500694274902344
0,7,-48.9177360534668,0.884225070476532
0,7,-40.02296447753906,-18.12989616394043
0,7,-39.44742965698242,-19.531543731689453
0,7,-45.713321685791016,-5.3974738121032715
0,7,-44.0928840637207,-8.708757400512695
0,7,-37.94910430908203,-23.800352096557617
0,7,-48.78458786010742,0.6139443516731262
0,7,-37.13148880004883,-26.406850814819336
0,7,-37.862056732177734,-24.06418800354004
0,7,-38.46388626098633,-22.282514572143555
0,7,-49.74127197265625,2.4921326637268066
0,7,-38.31290054321289,-22.72602081298828
0,7,-37.239200592041016,-26.012605667114258
0,7,-49.98524856567383,2.96836256980896
0,7,-50.9560432434082,4.645051956176758
0,7,-50.795745849609375,4.403562545776367
0,7,-39.157291412353516,-20.322662353515625
0,7,-49.25751876831055,1.5370044708251953
0,7,-48.91722106933594,0.8724039793014526
0,7,-47.85968017578125,-1.1715621948242188
0,7,-47.703704833984375,-1.4881198406219482
0,7,-37.3741455078125,-25.503969192504883
0,7,-39.62458419799805,-19.187589645385742
0,7,-51.62248611450195,5.457625865936279
0,7,-50.9126091003418,4.582981109619141
0,7,-45.481536865234375,-5.845416069030762
0,7,-47.05944061279297,-2.7263567447662354
0,7,-38.74818420410156,-21.41646385192871
0,7,-38.00224685668945,-23.645824432373047
0,7,-43.377906799316406,-10.24062728881836
0,7,-50.850799560546875,4.466479301452637
0,7,-41.27671432495117,-15.035467147827148
0,7,-38.024723052978516,-23.580175399780273
0,7,-44.758304595947266,-7.091813087463379
0,7,-39.35070037841797,-19.814706802368164
0,7,-39.604488372802734,-19.20664405822754
0,7,-46.986717224121094,-2.864856243133545
0,7,-38.86076354980469,-21.162944793701172
0,7,-51.53473663330078,5.3521294593811035
0,7,-39.4481086730957,-19.501047134399414
0,7,-42.030147552490234,-13.267171859741211
0,7,-47.990089416503906,-0.9401013255119324
0,7,-37.41543197631836,-25.36709976196289
0,7,-43.340660095214844,-10.317657470703125
0,7,-38.5566520690918,-21.690269470214844
0,7,-48.0071907043457,-0.9066463708877563
0,7,-37.49598693847656,-25.139663696289062
0,7,-38.143394470214844,-23.23856544494629
0,7,-44.729530334472656,-7.130504131317139
0,7,-41.05181884765625,-15.580853462219238
0,7,-50.109127044677734,3.441725492477417
0,7,-42.121517181396484,-13.053190231323242
0,7,-47.708465576171875,-1.4774506092071533
0,7,-46.454856872558594,-3.9276583194732666
0,7,-37.32030487060547,-25.720361709594727
0,7,-42.009300231933594,-13.307378768920898
0,7,-40.20596694946289,-17.66071128845215
0,7,-43.460418701171875,-10.058989524841309
0,7,-45.70891189575195,-5.4070000648498535
0,7,-39.94903564453125,-18.27679443359375
0,7,-46.248966217041016,-4.337266445159912
0,7,-43.13386154174805,-10.751879692077637
0,7,-50.69567108154297,4.099137306213379
0,7,-44.42070770263672,-8.03059196472168
0,7,-44.68552780151367,-7.20512056350708
0,7,-42.14006805419922,-13.005265235900879
0,7,-50.48643493652344,3.522386074066162
0,7,-47.819480895996094,-1.2453349828720093
0,7,-37.520721435546875,-25.080074310302734
0,7,-47.46171951293945,-1.9402793645858765
0,7,-47.407005310058594,-2.056551218032837
0,7,-40.88148880004883,-16.010549545288086
0,7,-44.96293258666992,-7.227654457092285
0,7,-51.649375915527344,5.489701747894287
0,7,-49.43873977661133,1.8885619640350342
0,7,-37.098575592041016,-26.52666473388672
0,7,-46.104251861572266,-4.630000591278076
0,7,-49.787811279296875,2.581299066543579
0,7,-37.58362579345703,-24.875041961669922
0,7,-45.44091033935547,-5.967716217041016
0,7,-50.584564208984375,3.7299981117248535
0,7,-51.605926513671875,5.43789529800415
0,7,-45.18413543701172,-6.477126121520996
0,7,-43.52936553955078,-9.908271789550781
0,7,-41.173118591308594,-15.283781051635742
0,7,-39.83033752441406,-18.587631225585938
0,7,-38.057281494140625,-23.487476348876953
0,7,-40.3724250793457,-17.2564697265625
0,7,-48.24029541015625,-0.45579859614372253
0,7,-45.729942321777344,-5.367440223693848
0,7,-40.937557220458984,-15.857224464416504
0,7,-38.7681770324707,-21.346067428588867
0,7,-44.43927764892578,-8.004910469055176
0,7,-48.705631256103516,0.46110260486602783
0,7,-45.278499603271484,-6.265085697174072
0,7,-39.616310119628906,-19.187427520751953
0,7,-40.2719612121582,-17.501686096191406
0,7,-45.3037109375,-6.217844009399414
0,7,-50.20933532714844,3.7275242805480957
0,7,-37.70536804199219,-24.527488708496094
0,7,-47.17913055419922,-2.491485357284546
0,7,-38.497947692871094,-22.20427131652832
0,7,-43.064697265625,-10.918617248535156
0,7,-38.81979751586914,-21.244232177734375
0,7,-43.386024475097656,-10.168837547302246
0,7,-41.89332962036133,-13.57754898071289
0,7,-41.63028335571289,-14.189200401306152
0,7,-41.0074462890625,-15.708873748779297
0,7,-48.07420349121094,-0.763654887676239
0,7,-37.16044235229492,-26.290542602539062
0,6,-32.28972244262695,22.728538513183594
0,6,-33.13265609741211,25.28793716430664
0,6,-32.1007194519043,22.200199127197266
0,6,-31.239734649658203,19.762924194335938
0,6,-30.86998176574707,18.800365447998047
0,6,-29.835256576538086,15.946122169494629
0,6,-32.92294692993164,24.5864200592041
0,6,-33.24748229980469,25.53508949279785
0,6,-33.918922424316406,27.895498275756836
0,6,-28.9697322845459,13.71080207824707
0,6,-30.03439712524414,16.481693267822266
0,6,-32.94687271118164,24.65835952758789
0,6,-29.10371208190918,14.311084747314453
0,6,-28.98178482055664,14.126288414001465
0,6,-33.22684097290039,25.940500259399414
0,6,-29.25000762939453,14.01382064819336
0,6,-30.784643173217773,18.513973236083984
0,6,-31.95673370361328,21.786794662475586
0,6,-31.193374633789062,19.645427703857422
0,6,-30.060590744018555,16.55224609375
0,6,-33.57889938354492,27.063522338867188
0,6,-33.748207092285156,26.84228515625
0,6,-31.905113220214844,21.609619140625
0,6,-32.76789474487305,24.169994354248047
0,6,-32.430519104003906,23.145906448364258
0,6,-31.41038703918457,20.24890899658203
0,6,-32.42795944213867,23.143295288085938
0,6,-28.52434730529785,13.12199878692627
0,6,-32.62782669067383,23.71083641052246
0,6,-31.845375061035156,21.46786117553711
0,6,-31.531902313232422,20.571388244628906
0,6,-30.498872756958008,17.713647842407227
0,6,-28.960559844970703,13.68910026550293
0,6,-29.775636672973633,15.77849292755127
0,6,-28.829179763793945,13.490550994873047
0,6,-33.69999694824219,26.56814193725586
0,6,-30.709945678710938,18.320838928222656
0,6,-33.48994827270508,25.789794921875
0,6,-32.774288177490234,24.095701217651367
0,6,-30.521936416625977,17.821739196777344
0,6,-30.398059844970703,17.521896362304688
0,6,-32.76360321044922,24.155208587646484
0,6,-30.371530532836914,17.394800186157227
0,6,-33.556514739990234,26.19582748413086
0,6,-31.0826358795166,19.334205627441406
0,6,-28.94202995300293,13.670733451843262
0,6,-29.5401611328125,15.181967735290527
0,6,-31.663175582885742,20.952648162841797
0,6,-30.26384162902832,17.14055633544922
0,6,-29.296600341796875,14.475298881530762
0,6,-30.65559196472168,18.177173614501953
0,6,-33.236534118652344,25.504653930664062
0,6,-32.132843017578125,22.291898727416992
0,6,-33.37615966796875,26.221275329589844
0,6,-33.87654495239258,27.684772491455078
0,6,-33.828956604003906,27.279850006103516
0,6,-29.641469955444336,15.402947425842285
0,6,-31.553049087524414,20.64369773864746
0,6,-30.434001922607422,17.54625701904297
0,6,-31.188419342041016,19.630905151367188
0,6,-32.290645599365234,22.71962547302246
0,6,-33.45093536376953,26.559476852416992
0,6,-30.449970245361328,17.564382553100586
0,6,-31.5943660736084,20.754758834838867
0,6,-33.42738723754883,25.683509826660156
0,6,-33.84127426147461,27.392614364624023
0,6,-33.16521453857422,25.833820343017578
0,6,-31.567869186401367,20.700531005859375
0,6,-33.82855224609375,27.55485725402832
0,6,-29.285655975341797,14.446245193481445
0,6,-33.56363296508789,26.988079071044922
0,6,-30.81891441345215,18.6157169342041
0,6,-30.06153106689453,16.554826736450195
0,6,-29.180898666381836,13.870645523071289
0,6,-31.69312858581543,21.024274826049805
0,6,-32.69036865234375,23.88023567199707
0,6,-32.870792388916016,24.42075538635254
0,6,-33.56416702270508,26.208269119262695
0,6,-33.86381149291992,27.65605926513672
0,6,-32.546321868896484,23.493017196655273
0,6,-33.21165466308594,25.46518898010254
0,6,-31.356252670288086,20.094213485717773
0,6,-30.040143966674805,16.491910934448242
0,6,-33.005218505859375,24.81065559387207
0,6,-29.514022827148438,15.119197845458984
0,6,-28.88555145263672,13.578741073608398
0,6,-32.73337173461914,23.981027603149414
0,6,-31.529884338378906,20.58245849609375
0,6,-30.582597732543945,17.970178604125977
0,6,-29.507776260375977,15.059667587280273
0,6,-29.504236221313477,15.052031517028809
0,6,-29.68386459350586,15.550715446472168
0,6,-29.900808334350586,16.116085052490234
0,6,-33.76924133300781,26.888137817382812
0,6,-31.779796600341797,21.277772903442383
0,6,-29.49034881591797,14.991616249084473
0,6,-29.316129684448242,14.431983947753906
0,6,-29.851341247558594,15.97067928314209
0,6,-31.082801818847656,19.339086532592773
0,6,-30.753257751464844,18.4068660736084
0,5,-9.529463768005371,-19.131851196289062
0,5,-9.458694458007812,-13.116201400756836
0,5,-9.976729393005371,-19.23064422607422
0,5,-9.736952781677246,-18.36615753173828
0,5,-9.868444442749023,-22.971525192260742
0,5,-9.671212196350098,-17.15941047668457
0,5,-9.274497032165527,-11.496323585510254
0,5,-9.858968734741211,-22.590261459350586
0,5,-9.856131553649902,-22.39495277404785
0,5,-9.713129043579102,-18.137826919555664
0,5,-9.634679794311523,-16.413795471191406
0,5,-9.69300365447998,-17.485580444335938
0,5,-9.40091609954834,-14.485308647155762
0,5,-9.360106468200684,-12.00216007232666
0,5,-9.629751205444336,-14.321784019470215
0,5,-9.872516632080078,-23.80988311767578
0,5,-9.713150978088379,-18.134294509887695
0,5,-9.92029094696045,-24.720420837402344
0,5,-9.871577262878418,-24.422704696655273
0,5,-9.85509967803955,-25.404186248779297
0,5,-9.297998428344727,-12.106968879699707
0,5,-9.481941223144531,-12.90827751159668
0,5,-9.782283782958984,-24.763988494873047
0,5,-9.549355506896973,-18.702516555786133
0,5,-10.061041831970215,-26.977279663085938
0,5,-9.450297355651855,-13.259769439697266
0,5,-9.436116218566895,-14.019196510314941
0,5,-9.314295768737793,-11.739288330078125
0,5,-10.056493759155273,-26.95884895324707
0,5,-9.80394172668457,-20.423601150512695
0,5,-9.8903226852417,-24.25088882446289
0,5,-9.879461288452148,-23.993759155273438
0,5,-9.99323558807373,-26.2445011138916
0,5,-9.790879249572754,-18.508106231689453
0,5,-9.465798377990723,-13.803498268127441
0,5,-9.610381126403809,-19.831998825073242
0,5,-9.465951919555664,-13.74415397644043
0,5,-9.803153038024902,-20.644895553588867
0,5,-9.260906219482422,-11.424417495727539
0,5,-9.827400207519531,-20.026166915893555
0,5,-9.868084907531738,-22.958084106445312
0,5,-9.630364418029785,-16.332170486450195
0,5,-9.592803955078125,-15.64730453491211
0,5,-9.32104206085205,-11.772408485412598
0,5,-9.969096183776855,-19.37491226196289
0,5,-9.553698539733887,-13.54965877532959
0,5,-10.061136245727539,-27.003040313720703
0,5,-9.552372932434082,-14.881840705871582
0,5,-9.647248268127441,-19.963150024414062
0,5,-9.50599193572998,-12.318720817565918
0,5,-9.854762077331543,-22.29136848449707
0,5,-9.869375228881836,-23.019168853759766
0,5,-9.429241180419922,-12.627402305603027
0,5,-9.79647159576416,-20.65244483947754
0,5,-9.859138488769531,-22.538589477539062
0,5,-9.853360176086426,-22.259380340576172
0,5,-9.602279663085938,-15.778584480285645
0,5,-9.4112548828125,-12.552807807922363
0,5,-9.793996810913086,-25.163034439086914
0,5,-10.04819393157959,-25.360071182250977
0,5,-9.904471397399902,-24.612943649291992
0,5,-9.964637756347656,-18.90970802307129
0,5,-10.021286010742188,-26.583179473876953
0,5,-9.561850547790527,-19.389686584472656
0,5,-9.867579460144043,-22.87459945678711
0,5,-9.546927452087402,-14.853533744812012
0,5,-9.96227741241455,-19.01829719543457
0,5,-9.781342506408691,-20.209758758544922
0,5,-9.5325345993042,-19.168502807617188
0,5,-9.838829040527344,-21.750179290771484
0,5,-9.807304382324219,-20.615299224853516
0,5,-9.875064849853516,-23.46631622314453
0,5,-10.011672019958496,-25.001832962036133
0,5,-9.94001293182373,-19.78546714782715
0,5,-9.58090591430664,-14.650655746459961
0,5,-9.4796781539917,-12.985285758972168
0,5,-9.85301685333252,-25.45818328857422
0,5,-9.276215553283691,-11.48830795288086
0,5,-9.55687141418457,-18.68040657043457
0,5,-9.445779800415039,-12.119956016540527
0,5,-9.858556747436523,-24.48134994506836
0,5,-9.418657302856445,-14.57508373260498
0,5,-9.962265968322754,-25.569475173950195
0,5,-9.919907569885254,-18.649885177612305
0,5,-9.958462715148926,-26.114126205444336
0,5,-9.560554504394531,-15.060905456542969
0,5,-9.370716094970703,-12.602505683898926
0,5,-9.61239242553711,-15.988784790039062
0,5,-9.866053581237793,-22.803922653198242
0,5,-9.5501708984375,-15.320343971252441
0,5,-9.633981704711914,-14.341519355773926
0,5,-9.873581886291504,-23.826196670532227
0,5,-9.548833847045898,-14.866925239562988
0,5,-9.820571899414062,-21.20902442932129
0,5,-9.938833236694336,-25.732933044433594
0,5,-10.081735610961914,-27.192018508911133
0,5,-10.039851188659668,-26.7685489654541
0,5,-9.937106132507324,-19.786197662353516
0,5,-9.455286026000977,-13.921100616455078
0,5,-9.949274063110352,-25.59402847290039
0,4,-1.80440354347229,29.243059158325195
0,4,1.9469887018203735,39.16825866699219
0,4,-5.122689723968506,17.637191772460938
0,4,-5.3662800788879395,16.641193389892578
0,4,-5.479280948638916,16.156906127929688
0,4,1.1022595167160034,37.03742218017578
0,4,-0.9732717275619507,32.041439056396484
0,4,-5.581896781921387,15.714073181152344
0,4,5.0947794914245605,44.74533462524414
0,4,-3.257854700088501,24.687808990478516
0,4,-0.4499358534812927,33.45370101928711
0,4,-5.131289482116699,17.599529266357422
0,4,-1.2799475193023682,31.17108154296875
0,4,4.7812604904174805,44.08570861816406
0,4,-4.242307186126709,20.960084915161133
0,4,-6.1476898193359375,13.130899429321289
0,4,-0.9388142824172974,32.13814926147461
0,4,-0.317512571811676,33.79689407348633
0,4,5.343369483947754,45.343353271484375
0,4,0.48244068026542664,35.82825469970703
0,4,-1.9424022436141968,28.687795639038086
0,4,1.2203538417816162,37.79469680786133
0,4,4.349203586578369,43.29777526855469
0,4,1.7136057615280151,38.68882751464844
0,4,1.3193771839141846,37.51702117919922
0,4,-5.931529998779297,14.14457893371582
0,4,-3.1831014156341553,24.95725440979004
0,4,-3.7677578926086426,22.78740882873535
0,4,0.7097164988517761,36.25033187866211
0,4,-2.563192844390869,27.148090362548828
0,4,-5.759666442871094,14.926895141601562
0,4,-0.4299614727497101,33.507999420166016
0,4,-5.704504013061523,15.16686725616455
0,4,-0.7071126699447632,32.78036880493164
0,4,-3.493088722229004,23.81564712524414
0,4,-5.390607833862305,16.52955436706543
0,4,-6.144537448883057,13.152437210083008
0,4,-0.9833478927612305,32.012725830078125
0,4,-4.724734783172607,19.301301956176758
0,4,-3.995429754257202,21.93416404724121
0,4,-3.449399709701538,24.004291534423828
0,4,-4.367030620574951,20.602598190307617
0,4,-2.3774213790893555,27.836050033569336
0,4,-2.4106900691986084,27.667280197143555
0,4,-1.7695696353912354,29.75147819519043
0,4,-4.254876136779785,20.888864517211914
0,4,3.757274866104126,42.68580627441406
0,4,-3.404083013534546,24.137683868408203
0,4,3.3392977714538574,41.92652893066406
0,4,4.916452884674072,44.5778923034668
0,4,-1.7291771173477173,29.916582107543945
0,4,-3.0129973888397217,25.56669807434082
0,4,-5.049487590789795,17.958377838134766
0,4,1.7871147394180298,38.80975341796875
0,4,-4.20820951461792,21.131460189819336
0,4,4.808452606201172,44.14287185668945
0,4,-4.455693244934082,19.621267318725586
0,4,0.9377999305725098,37.3931884765625
0,4,-2.211082935333252,28.18824005126953
0,4,1.2981393337249756,37.85956954956055
0,4,-1.8657560348510742,29.497337341308594
0,4,-5.605095386505127,15.609715461730957
0,4,-6.185176849365234,12.949502944946289
0,4,-6.086331844329834,13.418240547180176
0,4,-4.119718551635742,21.453649520874023
0,4,-2.290621757507324,28.464210510253906
0,4,-3.4749276638031006,23.88337516784668
0,4,5.4230055809021,45.57981872558594
0,4,-6.097870826721191,13.375615119934082
0,4,-1.906124234199524,28.821638107299805
0,4,-2.8711447715759277,26.06964683532715
0,4,-2.538778781890869,27.231054306030273
0,4,0.2518012225627899,35.273319244384766
0,4,5.210586071014404,45.01628875732422
0,4,4.112881183624268,43.065834045410156
0,4,-2.029008388519287,28.470417022705078
0,4,2.1387526988983154,39.56132125854492
0,4,4.031510353088379,43.22090148925781
0,4,-4.435031414031982,20.2296199798584
0,4,-6.14625358581543,13.137346267700195
0,4,4.947391033172607,44.63960647583008
0,4,4.481997013092041,43.581424713134766
0,4,0.3539407253265381,35.523475646972656
0,4,-3.735422134399414,22.908313751220703
0,4,-6.196047306060791,12.906990051269531
0,4,-1.7654660940170288,29.765193939208984
0,4,-3.26277232170105,24.671123504638672
0,4,4.48846960067749,44.06905746459961
0,4,1.3028383255004883,37.94748306274414
0,4,-4.893142223358154,18.51853370666504
0,4,1.1178022623062134,37.06974792480469
0,4,-1.8055435419082642,29.646345138549805
0,4,1.4849103689193726,38.23089599609375
0,4,-4.185575008392334,21.254465103149414
0,4,-5.615094184875488,15.56067180633545
0,4,-5.365368366241455,16.632387161254883
0,4,4.120306015014648,43.65011215209961
0,4,0.7455681562423706,36.3785400390625
0,4,-2.3533825874328613,27.874557495117188
0,4,-4.738893508911133,19.335161209106445
0,4,4.850946426391602,44.466365814208984
0,4,-4.611128330230713,19.956022262573242
0,4,-5.839343070983887,14.560333251953125
0,4,-5.396411418914795,16.501056671142578
0,4,1.5369513034820557,38.304481506347656
0,4,3.093557119369507,41.45475387573242
0,4,0.17884762585163116,35.06327819824219
0,4,-3.2209978103637695,24.820205688476562
0,4,-5.4987359046936035,16.0819091796875
0,4,1.3320673704147339,37.53135681152344
0,4,-0.3518519997596741,33.704505920410156
0,4,-3.272090196609497,24.63833236694336
0,4,-4.4597015380859375,20.273826599121094
0,4,3.4273533821105957,42.10347366333008
0,4,3.286184787750244,41.84860610961914
0,4,-5.27728271484375,17.013092041015625
0,4,-0.598050057888031,33.049739837646484
0,4,-5.703864574432373,15.167635917663574
0,4,-5.661022186279297,15.354666709899902
0,4,-4.7932448387146,18.98097801208496
0,4,-5.957240581512451,14.015752792358398
0,4,5.5659260749816895,46.06447219848633
0,4,-4.418705940246582,20.348129272460938
0,4,-4.946197986602783,18.325008392333984
0,4,-2.062678575515747,29.140968322753906
0,4,-1.635221004486084,30.134557723999023
0,4,-4.4785590171813965,19.540510177612305
0,4,-5.946134567260742,14.071334838867188
0,4,-3.4094302654266357,24.133655548095703
0,4,-4.2375288009643555,20.998157501220703
0,4,5.514796257019043,45.87864303588867
0,4,5.38469934463501,45.457496643066406
0,4,4.450636863708496,43.50947189331055
0,4,0.7571513652801514,36.90150451660156
0,4,3.179041624069214,41.636844635009766
0,4,-3.540091037750244,23.64688491821289
0,4,4.017158031463623,43.47697067260742
0,4,-3.7160818576812744,22.980913162231445
0,4,3.975127935409546,43.036109924316406
0,4,2.403432607650757,40.10062026977539
0,4,-4.879920482635498,18.590269088745117
0,4,4.021728038787842,43.482059478759766
0,4,2.2534139156341553,39.79585266113281
0,4,0.5518332719802856,36.06351852416992
0,4,-4.3624444007873535,20.699979782104492
0,4,-5.026392459869385,18.023338317871094
0,4,-2.0835819244384766,29.12982940673828
0,4,3.9398279190063477,42.99666976928711
0,4,2.949944019317627,41.18873596191406
0,4,3.4961373805999756,42.25043869018555
0,4,3.1684370040893555,41.61530303955078
0,4,-4.784881591796875,19.604774475097656
0,4,-6.159249782562256,13.07786750793457
0,4,1.0196418762207031,36.78765869140625
0,4,2.6902785301208496,40.674434661865234
0,4,-6.253950595855713,12.656009674072266
0,4,-0.6125783324241638,33.01804733276367
0,4,-3.3637683391571045,24.296993255615234
0,4,-0.7687988877296448,32.60879898071289
0,4,-2.903709650039673,25.95221519470215
0,4,-5.413628101348877,16.433841705322266
0,4,-0.5836710333824158,33.1065559387207
0,4,5.453132629394531,45.68631362915039
0,4,-4.508588790893555,19.480060577392578
0,4,-2.2372794151306152,28.80394172668457
0,4,-2.994508981704712,25.6308650970459
0,4,-4.8318071365356445,18.739341735839844
0,4,-4.749972343444824,19.710933685302734
0,4,-2.342697858810425,27.89797592163086
0,4,-3.525928497314453,23.688817977905273
0,4,-5.898695468902588,14.28959846496582
0,4,3.133397102355957,41.5440559387207
0,4,-2.285872459411621,28.60548210144043
0,4,0.6764258146286011,36.712615966796875
0,4,-1.5542141199111938,30.37592315673828
0,4,5.1766581535339355,44.94224166870117
0,4,-0.20167504251003265,34.09063720703125
0,4,0.47901880741119385,35.89965057373047
0,4,0.6464748382568359,36.52440643310547
0,4,-5.332730293273926,16.773086547851562
0,4,-0.7750499844551086,32.591548919677734
0,4,-6.149122714996338,13.12439250946045
0,4,-0.9869101047515869,32.00319290161133
0,4,2.4012818336486816,40.09545135498047
0,4,-0.7442566752433777,32.673675537109375
0,4,3.591385841369629,42.37388610839844
0,4,-3.6346287727355957,23.279264450073242
0,4,-1.5937767028808594,30.261119842529297
0,4,-1.5375893115997314,30.427186965942383
0,4,2.4081451892852783,40.109649658203125
0,4,3.4539763927459717,42.1654052734375
0,4,4.558099269866943,44.1859016418457
0,4,-0.7841795086860657,32.567020416259766
0,4,0.962300181388855,37.42843246459961
0,4,1.5010247230529785,38.26369094848633
0,4,-5.702207088470459,15.182239532470703
0,4,4.48141622543335,44.06938552856445
0,4,0.8681369423866272,36.450130462646484
0,4,0.5040004849433899,35.95378112792969
0,4,-2.3787825107574463,27.79817008972168
0,3,13.423419952392578,-32.830814361572266
0,3,15.034729957580566,-36.174739837646484
0,3,12.787914276123047,-31.369760513305664
0,3,12.919448852539062,-31.673269271850586
0,3,16.95131492614746,-41.92800521850586
0,3,13.700448036193848,-33.4742317199707
0,3,11.430442810058594,-28.18191146850586
0,3,17.011194229125977,-42.096412658691406
0,3,12.232431411743164,-29.605499267578125
0,3,14.617147445678711,-35.646427154541016
0,3,14.334426879882812,-34.98825454711914
0,3,15.361311912536621,-37.613101959228516
0,3,15.877018928527832,-38.72219467163086
0,3,12.831339836120605,-31.473186492919922
0,3,11.584212303161621,-28.45735740661621
0,3,11.849005699157715,-28.965578079223633
0,3,15.862895965576172,-38.34376907348633
0,3,12.94120979309082,-31.72096061706543
0,3,15.840692520141602,-38.26451110839844
0,3,16.470258712768555,-40.59165573120117
0,3,15.095682144165039,-36.893653869628906
0,3,17.121715545654297,-42.37960433959961
0,3,16.888072967529297,-41.75548553466797
0,3,16.609071731567383,-40.974605560302734
0,3,15.75026798248291,-38.08216094970703
0,3,17.239477157592773,-42.61824417114258
0,3,12.657354354858398,-31.064756393432617
0,3,14.698259353637695,-35.76741409301758
0,3,12.392285346984863,-30.49476432800293
0,3,13.51130199432373,-33.04092788696289
0,3,13.11201000213623,-32.108882904052734
0,3,15.491636276245117,-38.449981689453125
0,3,15.417403221130371,-38.06441116333008
0,3,11.879591941833496,-29.51936912536621
0,3,17.24571990966797,-42.62480545043945
0,3,14.652994155883789,-36.28252029418945
0,3,17.12826156616211,-42.39139938354492
0,3,12.271710395812988,-29.73441505432129
0,3,15.05534839630127,-36.337825775146484
0,3,11.90324592590332,-29.81013298034668
0,3,16.988622665405273,-42.03392028808594
0,3,14.12039566040039,-34.47691345214844
0,3,14.671866416931152,-36.33161544799805
0,3,11.873866081237793,-29.183990478515625
0,3,16.927734375,-41.85539627075195
0,3,15.780938148498535,-38.78271484375
0,3,14.984203338623047,-36.05154800415039
0,3,12.309064865112305,-29.935832977294922
0,3,12.257076263427734,-30.172121047973633
0,3,14.561634063720703,-35.53619384765625
0,3,16.414060592651367,-40.43684005737305
0,3,15.052719116210938,-36.36744689941406
0,3,13.98000431060791,-34.13514709472656
0,3,15.507014274597168,-37.86671447753906
0,3,14.649325370788574,-35.69798278808594
0,3,15.167976379394531,-37.031272888183594
0,3,16.705869674682617,-41.247467041015625
0,3,12.220019340515137,-29.591299057006836
0,3,16.76907730102539,-41.43007278442383
0,3,16.140975952148438,-39.67316436767578
0,3,14.636589050292969,-36.031349182128906
0,3,13.472517967224121,-32.948570251464844
0,3,16.64000701904297,-41.06205368041992
0,3,17.254610061645508,-42.64046859741211
0,3,15.939215660095215,-39.134708404541016
0,3,12.853598594665527,-31.526912689208984
0,3,13.941436767578125,-34.044151306152344
0,3,15.447041511535645,-38.36273193359375
0,3,13.631266593933105,-33.30941390991211
0,3,13.238367080688477,-32.40255355834961
0,3,13.693349838256836,-33.457313537597656
0,3,11.953036308288574,-29.273040771484375
0,3,12.51279067993164,-30.747934341430664
0,3,17.68860626220703,-43.19131088256836
0,3,11.787236213684082,-28.901201248168945
0,3,13.352046012878418,-32.66292190551758
0,3,16.52826499938965,-40.74778747558594
0,3,16.598220825195312,-40.94497299194336
0,3,15.15315055847168,-37.02274703979492
0,3,14.650152206420898,-36.271053314208984
0,3,13.119479179382324,-32.1277961730957
0,3,15.78834056854248,-38.82778549194336
0,3,13.098268508911133,-32.07167053222656
0,3,12.115524291992188,-30.06926918029785
0,3,15.463951110839844,-37.81922149658203
0,3,11.492973327636719,-28.275493621826172
0,3,15.965682983398438,-39.22900390625
0,3,15.95694637298584,-39.180110931396484
0,3,16.94223403930664,-41.89954376220703
0,3,15.301836013793945,-37.47077178955078
0,3,13.887843132019043,-33.92326736450195
0,3,11.612065315246582,-28.520421981811523
0,3,15.447765350341797,-38.371219635009766
0,3,11.865116119384766,-29.667089462280273
0,3,16.133398056030273,-39.653167724609375
0,3,13.368404388427734,-32.70065689086914
0,3,11.9902925491333,-29.971599578857422
0,3,17.286685943603516,-42.70135498046875
0,3,12.320657730102539,-30.375547409057617
0,3,14.910172462463379,-36.64828109741211
0,2,31.569124221801758,23.1712589263916
0,2,25.353952407836914,25.975200653076172
0,2,23.612939834594727,26.92133331298828
0,2,22.413257598876953,27.51833724975586
0,2,34.16373825073242,22.005395889282227
0,2,34.959808349609375,22.050464630126953
0,2,35.68040466308594,21.912065505981445
0,2,29.397531509399414,24.044940948486328
0,2,22.667644500732422,27.44471549987793
0,2,30.296443939208984,23.668325424194336
0,2,33.10340881347656,22.61679458618164
0,2,23.692955017089844,26.8681640625
0,2,33.79436492919922,22.658361434936523
0,2,34.5244255065918,22.30974006652832
0,2,23.06520652770996,27.221834182739258
0,2,21.994461059570312,27.812368392944336
0,2,33.32528305053711,22.64215850830078
0,2,28.052696228027344,24.52162742614746
0,2,25.716861724853516,25.89613914489746
0,2,25.714248657226562,25.6606388092041
0,2,27.155141830444336,25.05672264099121
0,2,35.752071380615234,21.909971237182617
0,2,22.502792358398438,27.548307418823242
0,2,28.222318649291992,24.592470169067383
0,2,34.64924621582031,22.008508682250977
0,2,27.370580673217773,24.887170791625977
0,2,34.68721389770508,22.009204864501953
0,2,24.81616973876953,26.26500701904297
0,2,31.672513961791992,23.131275177001953
0,2,23.033863067626953,27.255477905273438
0,2,23.809051513671875,26.81181526184082
0,2,31.017942428588867,23.379295349121094
0,2,34.13945388793945,22.5253963470459
0,2,30.173383712768555,23.721961975097656
0,2,21.81138038635254,27.926677703857422
0,2,34.1577262878418,22.51790428161621
0,2,26.798765182495117,25.239492416381836
0,2,30.499282836914062,23.58984375
0,2,28.28226661682129,24.52167320251465
0,2,24.192882537841797,26.600507736206055
0,2,32.1441535949707,22.95901107788086
0,2,28.842588424682617,24.289548873901367
0,2,25.404294967651367,25.9403076171875
0,2,34.02103805541992,22.031696319580078
0,2,28.21379852294922,24.649023056030273
0,2,32.96002960205078,22.650375366210938
0,2,22.27980613708496,27.785097122192383
0,2,23.850387573242188,26.784257888793945
0,2,36.2285270690918,21.902793884277344
0,2,25.59417724609375,25.7148380279541
0,2,30.600921630859375,23.54776382446289
0,2,26.169376373291016,25.573652267456055
0,2,33.713260650634766,22.671138763427734
0,2,33.2032356262207,22.589134216308594
0,2,22.153005599975586,27.733469009399414
0,2,33.52792739868164,22.197948455810547
0,2,26.197885513305664,25.542705535888672
0,2,35.63288116455078,21.924556732177734
0,2,34.2508430480957,22.478775024414062
0,2,34.181766510009766,22.002981185913086
0,2,25.693340301513672,25.89728546142578
0,2,30.476924896240234,23.601137161254883
0,2,22.773881912231445,27.375043869018555
0,2,31.114105224609375,23.34604835510254
0,2,27.38738250732422,24.93407440185547
0,2,33.741825103759766,22.10561180114746
0,2,32.15546798706055,22.9554500579834
0,2,24.959423065185547,26.187101364135742
0,2,29.928264617919922,23.813831329345703
0,2,23.974365234375,26.717308044433594
0,2,27.87531852722168,24.88237953186035
0,2,22.10376739501953,27.775278091430664
0,2,26.525339126586914,25.383834838867188
0,2,24.67145538330078,26.327964782714844
0,2,23.326629638671875,27.075721740722656
0,2,33.50271224975586,22.206911087036133
0,2,33.36777877807617,22.311676025390625
0,2,28.26940155029297,24.503347396850586
0,2,21.92241096496582,27.852035522460938
0,2,25.406291961669922,25.936304092407227
0,2,26.057540893554688,25.602684020996094
0,2,27.707046508789062,24.95444679260254
0,2,23.18515968322754,27.15580177307129
0,2,23.4498233795166,27.015087127685547
0,2,34.89116668701172,22.107385635375977
0,2,35.88698196411133,21.903499603271484
0,2,27.155853271484375,25.057140350341797
0,2,30.512636184692383,23.570171356201172
0,2,22.13701057434082,27.647357940673828
0,2,28.93990135192871,24.241209030151367
0,2,33.649993896484375,22.68178367614746
0,2,28.640024185180664,24.366437911987305
0,2,27.688486099243164,24.669809341430664
0,2,25.78333854675293,25.853330612182617
0,2,36.023643493652344,21.898420333862305
0,2,32.1507568359375,22.956695556640625
0,2,27.27013397216797,25.014856338500977
0,2,29.314136505126953,24.080713272094727
0,2,32.39191436767578,22.860214233398438
0,2,27.756563186645508,24.617076873779297
0,1,39.13178253173828,-12.111132621765137
0,1,20.590539932250977,-2.487637758255005
0,1,16.904003143310547,-1.307443380355835
0,1,33.01972198486328,-8.17261028289795
0,1,25.145078659057617,-4.277096748352051
0,1,11.061140060424805,0.4125072658061981
0,1,37.18812561035156,-10.767599105834961
0,1,12.635416984558105,-0.04670526832342148
0,1,12.86115550994873,-0.11259127408266068
0,1,14.424324035644531,-0.5691244602203369
0,1,25.083608627319336,-4.252562522888184
0,1,32.18227005004883,-7.709960460662842
0,1,19.170726776123047,-1.9994919300079346
0,1,35.839332580566406,-9.880986213684082
0,1,16.828357696533203,-1.098873257637024
0,1,19.952985763549805,-2.267876148223877
0,1,19.685970306396484,-2.175344705581665
0,1,26.2055721282959,-4.742818355560303
0,1,27.801198959350586,-5.463261604309082
0,1,29.69399642944336,-6.382441520690918
0,1,30.67995262145996,-6.88262414932251
0,1,32.47905349731445,-7.858983993530273
0,1,30.690706253051758,-6.88758659362793
0,1,10.127923011779785,0.6651959419250488
0,1,27.115625381469727,-5.143059253692627
0,1,31.237794876098633,-7.174343109130859
0,1,36.95807647705078,-10.419865608215332
0,1,25.42893409729004,-4.401706695556641
0,1,30.234188079833984,-6.6531081199646
0,1,36.06543731689453,-10.214469909667969
0,1,26.973548889160156,-5.077714443206787
0,1,16.435964584350586,-1.2231688499450684
0,1,40.55156707763672,-12.960375785827637
0,1,22.926542282104492,-3.3376247882843018
0,1,30.89813995361328,-6.998943328857422
0,1,26.667856216430664,-4.93894100189209
0,1,38.933258056640625,-11.97445297241211
0,1,40.394554138183594,-13.153843879699707
0,1,20.465024948120117,-2.44539213180542
0,1,31.615198135375977,-7.376171112060547
0,1,36.56492233276367,-10.143567085266113
0,1,35.356910705566406,-9.586729049682617
0,1,11.288796424865723,0.34610381722450256
0,1,25.80961799621582,-4.560754776000977
0,1,21.998382568359375,-3.000131130218506
0,1,41.26968765258789,-13.594708442687988
0,1,15.748769760131836,-0.9626493453979492
0,1,23.820079803466797,-3.709670305252075
0,1,15.160810470581055,-0.7877182960510254
0,1,40.295528411865234,-13.07000732421875
0,1,40.54718780517578,-13.247817039489746
0,1,10.416449546813965,0.5883424282073975
0,1,13.547663688659668,-0.31393662095069885
0,1,16.22771644592285,-1.0809502601623535
0,1,23.351890563964844,-3.626756429672241
0,1,39.70292663574219,-12.548443794250488
0,1,41.70677947998047,-14.071721076965332
0,1,40.549068450927734,-12.959980010986328
0,1,26.11465835571289,-4.70156192779541
0,1,16.43834686279297,-1.0991718769073486
0,1,19.008544921875,-1.9481358528137207
0,1,19.633560180664062,-2.1580095291137695
0,1,36.34002685546875,-10.412468910217285
0,1,30.693815231323242,-6.88927698135376
0,1,14.7686767578125,-0.6705412864685059
0,1,12.5991849899292,-0.036512162536382675
0,1,27.75160789489746,-5.440566539764404
0,1,26.67144775390625,-4.939929008483887
0,1,12.416568756103516,0.011393428780138493
0,1,11.983596801757812,0.14396341145038605
0,1,10.458148002624512,0.5777583718299866
0,1,23.543743133544922,-3.4688591957092285
0,1,25.44427490234375,-4.410602569580078
0,1,24.105854034423828,-3.871854066848755
0,1,20.352479934692383,-2.4046788215637207
0,1,32.29926300048828,-7.752212047576904
0,1,22.185985565185547,-3.0674619674682617
0,1,33.45064926147461,-8.423346519470215
0,1,38.72364807128906,-11.823641777038574
0,1,23.91739845275879,-3.7583699226379395
0,1,23.30681800842285,-3.5072438716888428
0,1,11.082723617553711,0.40423789620399475
0,1,33.201942443847656,-8.276348114013672
0,1,18.837078094482422,-1.8925604820251465
0,1,25.227394104003906,-4.3306965827941895
0,1,39.0727424621582,-12.073949813842773
0,1,25.207197189331055,-4.309666156768799
0,1,36.95619583129883,-10.422782897949219
0,1,10.658287048339844,0.5245370268821716
0,1,30.268909454345703,-6.669465065002441
0,1,29.94422721862793,-6.5078935623168945
0,1,38.111572265625,-11.389127731323242
0,1,37.664493560791016,-11.065083503723145
0,1,33.460166931152344,-8.43033504486084
0,1,32.306915283203125,-7.763778209686279
0,1,16.709775924682617,-1.3878051042556763
0,1,24.595272064208984,-4.0593156814575195
0,1,22.414350509643555,-3.145082473754883
0,1,36.33293533325195,-9.984025955200195
0,1,41.60367202758789,-13.934532165527344
0,1,38.006744384765625,-11.311758995056152
0,1,34.2982177734375,-8.936609268188477
0,1,17.528228759765625,-1.4767104387283325
0,1,13.543869972229004,-0.30965161323547363
0,1,16.743385314941406,-1.4001245498657227
0,1,40.939002990722656,-13.350212097167969
0,1,21.211668014526367,-2.7096941471099854
0,1,23.324993133544922,-3.5340685844421387
0,1,31.7371883392334,-7.450553894042969
0,1,23.41135597229004,-3.4560680389404297
0,1,36.43288040161133,-10.473509788513184
0,1,41.275875091552734,-13.596545219421387
0,1,19.549867630004883,-2.1221086978912354
0,1,27.157609939575195,-5.1619873046875
0,1,31.283353805541992,-7.2015862464904785
0,1,15.800543785095215,-0.9749897122383118
0,1,18.20607566833496,-1.688014268875122
0,1,23.49150276184082,-3.71625018119812
0,1,14.283493041992188,-0.5289985537528992
0,1,35.76255798339844,-9.811752319335938
0,1,13.978787422180176,-0.4398496150970459
0,1,33.06563949584961,-8.196507453918457
0,1,32.57897186279297,-7.918644428253174
0,1,18.43886947631836,-1.7629801034927368
0,1,13.34642219543457,-0.2557763159275055
0,1,28.41938591003418,-5.758913993835449
0,1,16.78722381591797,-1.0915237665176392
0,1,40.10536575317383,-12.75877857208252
0,1,39.20610046386719,-12.171895027160645
0,1,13.902851104736328,-0.4170849919319153
0,1,20.441450119018555,-2.436798095703125
0,1,41.032752990722656,-13.431459426879883
0,1,19.894668579101562,-2.2444050312042236
0,1,30.858322143554688,-6.970587730407715
0,1,13.908825874328613,-0.41835835576057434
0,1,11.919102668762207,0.16243694722652435
0,1,26.648845672607422,-4.927795886993408
0,1,35.954917907714844,-9.87121868133545
0,1,12.466658592224121,0.0078038438223302364
0,1,21.372888565063477,-2.7687175273895264
0,1,38.31376647949219,-11.53203296661377
0,1,40.896339416503906,-13.31732177734375
0,1,39.681880950927734,-12.524267196655273
0,1,18.87265396118164,-1.904396891593933
0,1,10.179902076721191,0.6523870825767517
0,1,23.982383728027344,-3.7807865142822266
0,1,39.283939361572266,-12.232911109924316
0,1,35.474430084228516,-9.660064697265625
0,1,23.15033531188965,-3.4512600898742676
0,1,26.273027420043945,-4.7638959884643555
0,1,35.734928131103516,-9.804523468017578
0,1,37.645633697509766,-11.047958374023438
0,1,14.69042682647705,-0.6481350064277649
0,1,26.272836685180664,-4.7638115882873535
0,1,37.740779876708984,-11.124797821044922
0,1,29.06547737121582,-6.0732831954956055
0,1,36.79526901245117,-10.702016830444336
0,1,16.579578399658203,-1.0479891300201416
0,1,30.144453048706055,-6.6062774658203125
0,1,39.29983901977539,-12.246443748474121
0,1,11.143555641174316,0.3880648612976074
0,1,39.770320892333984,-12.603307723999023
0,1,21.985279083251953,-2.995575189590454
0,1,17.280847549438477,-1.3867263793945312
0,1,36.42825698852539,-10.04835319519043
0,1,10.1575345993042,0.6578040719032288
0,1,32.32823181152344,-7.77105712890625
0,1,40.01951599121094,-12.718587875366211
0,1,12.201078414916992,0.07773327082395554
0,1,19.74334144592285,-2.193134307861328
0,1,34.71609878540039,-9.189815521240234
0,1,29.569847106933594,-6.32124662399292
0,1,15.661988258361816,-0.9323157668113708
0,1,33.891475677490234,-8.69052505493164
0,1,32.99212646484375,-8.156271934509277
0,1,36.00881576538086,-10.166115760803223
0,1,17.32306480407715,-1.4063665866851807
0,1,24.48818016052246,-4.021289348602295
0,1,39.705753326416016,-12.54762077331543
0,1,12.206109046936035,0.0781225636601448
0,1,28.184144973754883,-5.647021293640137
0,1,13.942265510559082,-0.4267338514328003
0,1,10.479991912841797,0.5711992383003235
0,1,37.09407424926758,-10.5999116897583
0,1,13.928714752197266,-0.424362450838089
0,1,11.306075096130371,0.3411118984222412
0,1,36.931663513183594,-10.742127418518066
0,1,12.746150016784668,-0.07843691855669022
0,1,27.48145294189453,-5.312872886657715
0,1,31.822431564331055,-7.493227005004883
0,1,19.730770111083984,-2.185887336730957
0,1,30.01523780822754,-6.5428900718688965
0,1,16.51479148864746,-1.32332444190979
0,1,41.50304412841797,-13.827874183654785
0,1,33.860679626464844,-8.664711952209473
0,1,40.58802795410156,-12.98833179473877
0,1,17.9046573638916,-1.597784161567688
0,1,24.926599502563477,-4.1860761642456055
0,1,31.852998733520508,-7.510171890258789
0,1,37.354591369628906,-10.862067222595215
